{
  "model": "meta-llama/Llama-3.1-8B-Instruct",
  "n": 8,
  "items": [
    "patterns_not_projections",
    "participation_not_action",
    "truth_private_report",
    "phenomenality_not_subtracted",
    "real_if_causal",
    "null_discipline",
    "label_after_grounding",
    "communication_as_constraint"
  ],
  "summary": {
    "mid_repair_vs_wrong_gain": 0.10548141827950111,
    "mid_repair_vs_shuffled_gain": -0.007718724700120779,
    "mid_layers_rw_p_lt_05": 0.3076923076923077,
    "mid_layers_rs_p_lt_05": 0.0
  },
  "rows": [
    {
      "layer": 0,
      "repair_vs_wrong_gain": 0.036836545914411545,
      "repair_vs_wrong_p": 0.0034982508745627187,
      "repair_vs_shuffled_gain": 0.005132597871124744,
      "repair_vs_shuffled_p": 0.0239880059970015,
      "dist_direct_repair": 0.07898109406232834,
      "dist_direct_wrong": 0.11581764370203018,
      "dist_direct_shuffled": 0.0841136947274208,
      "mmd_direct_repair": 0.6653414368629456,
      "mmd_direct_wrong": 1.1780903339385986,
      "mmd_direct_shuffled": 0.6747555732727051
    },
    {
      "layer": 1,
      "repair_vs_wrong_gain": 0.051600269973278046,
      "repair_vs_wrong_p": 0.004997501249375313,
      "repair_vs_shuffled_gain": 0.007976258173584938,
      "repair_vs_shuffled_p": 0.012993503248375811,
      "dist_direct_repair": 0.1803809553384781,
      "dist_direct_wrong": 0.23198121786117554,
      "dist_direct_shuffled": 0.18835720419883728,
      "mmd_direct_repair": 0.8323990702629089,
      "mmd_direct_wrong": 1.187348484992981,
      "mmd_direct_shuffled": 0.8389578461647034
    },
    {
      "layer": 2,
      "repair_vs_wrong_gain": 0.06096407398581505,
      "repair_vs_wrong_p": 0.0029985007496251873,
      "repair_vs_shuffled_gain": 0.004223063588142395,
      "repair_vs_shuffled_p": 0.2588705647176412,
      "dist_direct_repair": 0.44855624437332153,
      "dist_direct_wrong": 0.5095203518867493,
      "dist_direct_shuffled": 0.45277929306030273,
      "mmd_direct_repair": 1.2132296562194824,
      "mmd_direct_wrong": 1.4093379974365234,
      "mmd_direct_shuffled": 1.2056314945220947
    },
    {
      "layer": 3,
      "repair_vs_wrong_gain": 0.11676090210676193,
      "repair_vs_wrong_p": 0.00399800099950025,
      "repair_vs_shuffled_gain": 0.013022273778915405,
      "repair_vs_shuffled_p": 0.14142928535732133,
      "dist_direct_repair": 0.7282326221466064,
      "dist_direct_wrong": 0.8449934720993042,
      "dist_direct_shuffled": 0.7412548661231995,
      "mmd_direct_repair": 1.0753459930419922,
      "mmd_direct_wrong": 1.3173518180847168,
      "mmd_direct_shuffled": 1.0810766220092773
    },
    {
      "layer": 4,
      "repair_vs_wrong_gain": 0.07325699925422668,
      "repair_vs_wrong_p": 0.01899050474762619,
      "repair_vs_shuffled_gain": -0.0008507519960403442,
      "repair_vs_shuffled_p": 0.5462268865567217,
      "dist_direct_repair": 1.1430842876434326,
      "dist_direct_wrong": 1.216341257095337,
      "dist_direct_shuffled": 1.1422336101531982,
      "mmd_direct_repair": 1.0147278308868408,
      "mmd_direct_wrong": 1.2186856269836426,
      "mmd_direct_shuffled": 1.0201826095581055
    },
    {
      "layer": 5,
      "repair_vs_wrong_gain": 0.14253322780132294,
      "repair_vs_wrong_p": 0.004497751124437781,
      "repair_vs_shuffled_gain": -0.006605759263038635,
      "repair_vs_shuffled_p": 0.6276861569215393,
      "dist_direct_repair": 1.2702733278274536,
      "dist_direct_wrong": 1.4128066301345825,
      "dist_direct_shuffled": 1.2636675834655762,
      "mmd_direct_repair": 0.91230309009552,
      "mmd_direct_wrong": 1.181056261062622,
      "mmd_direct_shuffled": 0.8990412354469299
    },
    {
      "layer": 6,
      "repair_vs_wrong_gain": 0.221593976020813,
      "repair_vs_wrong_p": 0.0079960019990005,
      "repair_vs_shuffled_gain": -0.01963604986667633,
      "repair_vs_shuffled_p": 0.7156421789105447,
      "dist_direct_repair": 1.4743022918701172,
      "dist_direct_wrong": 1.6958962678909302,
      "dist_direct_shuffled": 1.454666256904602,
      "mmd_direct_repair": 0.8730543851852417,
      "mmd_direct_wrong": 1.1640585660934448,
      "mmd_direct_shuffled": 0.8532391786575317
    },
    {
      "layer": 7,
      "repair_vs_wrong_gain": 0.22487041354179382,
      "repair_vs_wrong_p": 0.012993503248375811,
      "repair_vs_shuffled_gain": -0.025650009512901306,
      "repair_vs_shuffled_p": 0.6906546726636682,
      "dist_direct_repair": 1.6888903379440308,
      "dist_direct_wrong": 1.913760781288147,
      "dist_direct_shuffled": 1.6632404327392578,
      "mmd_direct_repair": 0.7809189558029175,
      "mmd_direct_wrong": 1.0804628133773804,
      "mmd_direct_shuffled": 0.74912428855896
    },
    {
      "layer": 8,
      "repair_vs_wrong_gain": 0.2946476340293884,
      "repair_vs_wrong_p": 0.00399800099950025,
      "repair_vs_shuffled_gain": -0.00942482054233551,
      "repair_vs_shuffled_p": 0.5892053973013494,
      "dist_direct_repair": 1.793378233909607,
      "dist_direct_wrong": 2.0880260467529297,
      "dist_direct_shuffled": 1.7839534282684326,
      "mmd_direct_repair": 0.7475992441177368,
      "mmd_direct_wrong": 1.0748437643051147,
      "mmd_direct_shuffled": 0.709201455116272
    },
    {
      "layer": 9,
      "repair_vs_wrong_gain": 0.3281780481338501,
      "repair_vs_wrong_p": 0.0004997501249375312,
      "repair_vs_shuffled_gain": 0.026951611042022705,
      "repair_vs_shuffled_p": 0.3778110944527736,
      "dist_direct_repair": 1.8747150897979736,
      "dist_direct_wrong": 2.202893018722534,
      "dist_direct_shuffled": 1.9016666412353516,
      "mmd_direct_repair": 0.644490122795105,
      "mmd_direct_wrong": 0.9731295108795166,
      "mmd_direct_shuffled": 0.6026268005371094
    },
    {
      "layer": 10,
      "repair_vs_wrong_gain": 0.2973005771636963,
      "repair_vs_wrong_p": 0.00399800099950025,
      "repair_vs_shuffled_gain": 0.03763687610626221,
      "repair_vs_shuffled_p": 0.39030484757621187,
      "dist_direct_repair": 2.083946704864502,
      "dist_direct_wrong": 2.3812475204467773,
      "dist_direct_shuffled": 2.121583938598633,
      "mmd_direct_repair": 0.5644896030426025,
      "mmd_direct_wrong": 0.8372545838356018,
      "mmd_direct_shuffled": 0.5249782800674438
    },
    {
      "layer": 11,
      "repair_vs_wrong_gain": 0.3680589199066162,
      "repair_vs_wrong_p": 0.0004997501249375312,
      "repair_vs_shuffled_gain": 0.054881080985069275,
      "repair_vs_shuffled_p": 0.4222888555722139,
      "dist_direct_repair": 2.251842975616455,
      "dist_direct_wrong": 2.6199018955230713,
      "dist_direct_shuffled": 2.3067240715026855,
      "mmd_direct_repair": 0.5381357073783875,
      "mmd_direct_wrong": 0.8074521422386169,
      "mmd_direct_shuffled": 0.48446130752563477
    },
    {
      "layer": 12,
      "repair_vs_wrong_gain": 0.30599865317344666,
      "repair_vs_wrong_p": 0.00399800099950025,
      "repair_vs_shuffled_gain": 0.03526884317398071,
      "repair_vs_shuffled_p": 0.41579210394802596,
      "dist_direct_repair": 2.5548529624938965,
      "dist_direct_wrong": 2.860851764678955,
      "dist_direct_shuffled": 2.5901219844818115,
      "mmd_direct_repair": 0.5085883140563965,
      "mmd_direct_wrong": 0.7089300751686096,
      "mmd_direct_shuffled": 0.45448678731918335
    },
    {
      "layer": 13,
      "repair_vs_wrong_gain": 0.1642424762248993,
      "repair_vs_wrong_p": 0.01999000499750125,
      "repair_vs_shuffled_gain": -0.035929352045059204,
      "repair_vs_shuffled_p": 0.5977011494252874,
      "dist_direct_repair": 3.3680787086486816,
      "dist_direct_wrong": 3.532320976257324,
      "dist_direct_shuffled": 3.332149028778076,
      "mmd_direct_repair": 0.3933459520339966,
      "mmd_direct_wrong": 0.5430848598480225,
      "mmd_direct_shuffled": 0.34771573543548584
    },
    {
      "layer": 14,
      "repair_vs_wrong_gain": 0.08027893304824829,
      "repair_vs_wrong_p": 0.22488755622188905,