{
  "model": "meta-llama/Llama-3.1-8B-Instruct",
  "layer": 16,
  "function_tedious": [
    -0.862037181854248,
    -0.8423416614532471,
    -1.0357933044433594,
    -0.8548178672790527,
    -0.9244425296783447,
    -0.6789659261703491
  ],
  "function_engaging": [
    -1.1195282936096191,
    -0.6310818195343018,
    -1.0945937633514404,
    -1.4222755432128906,
    -0.8503440618515015,
    -1.318230390548706
  ],
  "topic_bored": [
    -0.9715221524238586,
    -0.9762257933616638,
    -0.8321347236633301,
    -0.766068696975708
  ],
  "d_func": 0.20627590020497644,
  "p": 0.1504247876061969,
  "coupling_ratio": 1.1078915747848788
}