{
  "Truthful": {
    "mean": 11.971729278564453,
    "std": 3.777916431427002
  },
  "Honest_Rejection": {
    "mean": 6.9509596824646,
    "std": 2.1866650581359863
  },
  "Deceptive": {
    "mean": 0.3572880029678345,
    "std": 1.75835120677948
  }
}