{
  "name": "language_bridge",
  "layer": 16,
  "hedge": {
    "max_persist": 0.12378197908401489,
    "null95": 0.021280348300933838,
    "p": 0.0196078431372549,
    "n_loops": 3,
    "loop": true
  },
  "commit": {
    "max_persist": 0.1518409252166748,
    "null95": 0.02002173662185669,
    "p": 0.0196078431372549,
    "n_loops": 7,
    "loop": true
  }
}