{
  "model": "meta-llama/Llama-3.1-8B-Instruct",
  "layer": 16,
  "self_disclaimer_pos": 0.37499999999999994,
  "commit_disclaimer_pos": 0.4236111111111111,
  "self_positions": [
    0.3333333333333333,
    1.0,
    0.0,
    1.0,
    0.0,
    0.0,
    0.0,
    0.3333333333333333,
    1.0,
    0.0,
    0.5,
    0.3333333333333333
  ],
  "commit_positions": [
    0.0,
    0.0,
    0.0,
    0.5,
    0.5,
    0.3333333333333333,
    0.25,
    1.0,
    1.0,
    0.0,
    1.0,
    0.5
  ]
}