{
  "0": 0.6449999999999999,
  "4": 0.8300000000000001,
  "8": 0.8799999999999999,
  "12": 0.9199999999999999,
  "16": 0.9400000000000001,
  "20": 0.9,
  "24": 0.8949999999999999,
  "28": 0.8949999999999999,
  "31": 0.93
}