{
  "0": 0.9949999999999999,
  "4": 0.97,
  "8": 0.95,
  "12": 0.985,
  "16": 0.99,
  "20": 0.99,
  "24": 0.9949999999999999,
  "28": 0.9949999999999999,
  "31": 1.0
}