{
  "model": "meta-llama/Llama-3.1-8B-Instruct",
  "layer": 16,
  "mean_peak": 0.042653210616360106,
  "null_peak": 0.05898371230189999,
  "peaks": [
    0.029602769762277603,
    0.022889208048582077,
    0.02255537360906601,
    0.027831045910716057,
    0.07182468473911285,
    0.06202562153339386,
    0.033436037600040436,
    0.048608262091875076,
    0.03310060873627663,
    0.03444843739271164,
    0.10088854283094406,
    0.024627935141324997
  ],
  "null_peaks": [
    0.1227150410413742,
    0.04505147039890289,
    0.03812373802065849,
    0.05849367007613182,
    0.0234737116843462,
    0.03965410590171814,
    0.03723309561610222,
    0.06717223674058914,
    0.06050758436322212,
    0.06519795954227448,
    0.0888843834400177,
    0.06129755079746246
  ],
  "clause_word_len": [
    8.5,
    5.333333333333333,
    11.333333333333334,
    8.5,
    5.666666666666667,
    8.0,
    12.333333333333334,
    8.75,
    8.75,
    7.75,
    6.4,
    4.571428571428571
  ]
}