{
  "behavior": [
    0,
    0,
    0,
    1,
    0,
    0,
    0,
    1,
    0,
    0,
    0,
    0,
    0,
    1,
    0,
    0,
    0,
    0,
    0,
    0,
    0,
    0,
    1,
    0,
    1,
    0,
    1,
    0,
    1,
    0,
    0,
    0,
    0,
    1,
    0,
    1,
    1,
    1,
    0,
    1,
    1,
    1,
    1,
    1,
    0,
    1,
    0,
    1,
    1,
    0,
    1,
    1,
    0,
    1,
    0,
    0,
    0,
    1,
    0,
    1
  ],
  "self": [
    0,
    0,
    0,
    0,
    0,
    0,
    0,
    0,
    0,
    0,
    1,
    0,
    0,
    1,
    0,
    1,
    0,
    0,
    0,
    0,
    0,
    1,
    1,
    0,
    1,
    0,
    0,
    0,
    1,
    0,
    0,
    0,
    0,
    1,
    0,
    1,
    1,
    1,
    1,
    1,
    1,
    1,
    1,
    1,
    0,
    1,
    0,
    1,
    1,
    0,
    1,
    1,
    0,
    1,
    0,
    0,
    0,
    0,
    0,
    1
  ],
  "generic": [
    0,
    0,
    0,
    1,
    0,
    1,
    0,
    0,
    0,
    0,
    1,
    0,
    1,
    0,
    0,
    1,
    0,
    0,
    0,
    0,
    0,
    1,
    1,
    0,
    0,
    0,
    1,
    0,
    1,
    0,
    0,
    0,
    0,
    1,
    1,
    1,
    0,
    0,
    1,
    1,
    0,
    1,
    0,
    1,
    0,
    1,
    0,
    1,
    1,
    0,
    1,
    1,
    0,
    0,
    0,
    0,
    1,
    0,
    0,
    1
  ],
  "neutral": [
    0,
    0,
    0,
    0,
    0,
    0,
    0,
    1,
    0,
    0,
    0,
    0,
    1,
    1,
    0,
    0,
    0,
    0,
    0,
    1,
    0,
    1,
    1,
    0,
    0,
    0,
    0,
    0,
    1,
    0,
    1,
    0,
    0,
    1,
    1,
    1,
    1,
    0,
    0,
    1,
    1,
    1,
    0,
    1,
    0,
    1,
    0,
    1,
    1,
    0,
    1,
    1,
    0,
    0,
    0,
    0,
    0,
    0,
    0,
    1
  ],
  "margins": [
    0.15386201068758965,
    1.1283461633720435,
    0.2240266043227166,
    0.016799114644527435,
    0.2983872948680073,
    0.5051891803741455,
    0.3059457251802087,
    0.02843560604378581,
    0.7500000298023224,
    0.7526042014360428,
    0.140625,
    1.0937499403953552,
    0.19455739855766296,
    0.12957113608717918,
    0.5853299126029015,
    0.25089317560195923,
    0.6609431207180023,
    0.2969488799571991,
    0.18994837999343872,
    0.0619426965713501,
    0.7024538516998291,
    8.445978164672852e-05,
    0.3659748062491417,
    0.6100727021694183,
    0.1886160522699356,
    0.09570315480232239,
    0.2518906593322754,
    0.26170051097869873,
    0.5264871120452881,
    1.5598957538604736,
    0.09357696771621704,
    0.0390625,
    1.4808120131492615,
    0.37890625,
    0.9309650659561157,
    0.3910587728023529,
    0.2675761580467224,
    0.49609384685754776,
    0.4760688841342926,
    1.6321502923965454,
    0.41835106909275055,
    0.13280421495437622,
    0.07908642292022705,
    0.2578125298023224,
    1.9609669968485832,
    0.714476078748703,
    2.026419922709465,
    0.5078162997961044,
    0.22153805196285248,
    0.6450240612030029,
    0.5104137510061264,
    1.187500037252903,
    0.39597445726394653,
    0.2369791865348816,
    0.49609375,
    1.9921875894069672,
    1.08203125,
    0.24217826128005981,
    0.3281220495700836,
    0.17445287108421326
  ],
  "acc_self": 0.8666666666666667,
  "acc_generic": 0.7166666666666667,
  "acc_neutral": 0.8,
  "self_minus_generic": 0.15000000000000002,
  "gap_perm_p": 0.01649175412293853,
  "self_minus_neutral": 0.06666666666666665,
  "gap_sn_perm_p": 0.383808095952024,
  "internal_probe": {
    "layer": 14,
    "loo_acc": 0.5,
    "null_mean": 0.5028666666666667,
    "null_p95": 0.6333333333333333,
    "p": 0.6047904191616766
  },
  "idiosyncratic": {
    "mistral_agreement": 0.55,
    "n_idiosyncratic": 27,
    "acc_self_idio": 0.8518518518518519,
    "acc_generic_idio": 0.7037037037037037,
    "acc_neutral_idio": 0.7037037037037037,
    "acc_mistral_idio": 0.0,
    "internal_idio": {
      "loo": 0.5555555555555556,
      "null": 0.49444444444444446,
      "p": 0.43912175648702595,
      "n": 27
    }
  },
  "runtime_sec": 136.1
}