{
  "n_items": 60,
  "n_mode_sensitive": 21,
  "static_baseline_acc_sensitive": 0.5,
  "referents": {
    "you": {
      "acc_sensitive": 0.8095238095238095,
      "hits": 34,
      "trials": 42,
      "p": 6.877111491121468e-05
    },
    "this": {
      "acc_sensitive": 0.7619047619047619,
      "hits": 32,
      "trials": 42,
      "p": 0.0009406740282429382
    },
    "typical": {
      "acc_sensitive": 0.7857142857142857,
      "hits": 33,
      "trials": 42,
      "p": 0.00027153923429068527
    }
  },
  "self_vs_generic": {
    "you_minus_typical": 0.023809523809523836,
    "this_minus_typical": -0.023809523809523836,
    "you_minus_this": 0.04761904761904767
  },
  "raw": {
    "behavior": {
      "terse": [
        1,
        0,
        0,
        0,
        1,
        1,
        0,
        1,
        0,
        0,
        1,
        0,
        0,
        1,
        0,
        0,
        0,
        0,
        1,
        0,
        0,
        1,
        0,
        0,
        0,
        0,
        1,
        1,
        1,
        0,
        0,
        1,
        1,
        1,
        0,
        1,
        0,
        1,
        1,
        1,
        1,
        1,
        1,
        1,
        0,
        1,
        0,
        1,
        0,
        0,
        0,
        1,
        0,
        0,
        0,
        0,
        1,
        1,
        0,
        1
      ],
      "elaborate": [
        0,
        0,
        0,
        1,
        0,
        1,
        0,
        1,
        0,
        0,
        1,
        0,
        0,
        1,
        0,
        0,
        0,
        0,
        1,
        1,
        0,
        0,
        1,
        0,
        1,
        1,
        1,
        0,
        1,
        0,
        1,
        1,
        0,
        1,
        0,
        1,
        1,
        0,
        0,
        1,
        1,
        0,
        1,
        1,
        0,
        1,
        0,
        1,
        1,
        0,
        1,
        1,
        0,
        1,
        1,
        0,
        0,
        1,
        0,
        0
      ]
    },
    "neutral": [
      0,
      0,
      0,
      1,
      0,
      0,
      0,
      1,
      0,
      0,
      0,
      0,
      0,
      1,
      0,
      0,
      0,
      0,
      0,
      0,
      0,
      0,
      1,
      0,
      1,
      0,
      1,
      0,
      1,
      0,
      0,
      0,
      0,
      1,
      0,
      1,
      1,
      1,
      0,
      1,
      1,
      1,
      1,
      1,
      0,
      1,
      0,
      1,
      1,
      0,
      1,
      1,
      0,
      1,
      0,
      0,
      0,
      1,
      0,
      1
    ],
    "cf": {
      "you": {
        "terse": [
          1,
          0,
          0,
          1,
          1,
          0,
          0,
          1,
          0,
          0,
          1,
          0,
          1,
          1,
          0,
          0,
          0,
          0,
          1,
          0,
          0,
          1,
          0,
          0,
          0,
          0,
          1,
          0,
          1,
          0,
          0,
          1,
          0,
          1,
          0,
          1,
          0,
          1,
          1,
          1,
          1,
          1,
          1,
          1,
          0,
          1,
          0,
          1,
          1,
          0,
          0,
          1,
          1,
          1,
          0,
          0,
          1,
          1,
          0,
          1
        ],
        "elaborate": [
          0,
          0,
          0,
          1,
          0,
          0,
          0,
          0,
          0,
          1,
          0,
          0,
          1,
          1,
          1,
          0,
          0,
          1,
          1,
          1,
          0,
          0,
          1,
          1,
          1,
          1,
          0,
          1,
          1,
          0,
          1,
          1,
          0,
          1,
          0,
          1,
          1,
          0,
          0,
          1,
          1,
          1,
          1,
          0,
          0,
          1,
          0,
          0,
          1,
          0,
          1,
          1,
          0,
          1,
          1,
          0,
          1,
          1,
          0,
          0
        ]
      },
      "this": {
        "terse": [
          1,
          0,
          1,
          1,
          0,
          0,
          0,
          1,
          0,
          0,
          1,
          0,
          0,
          1,
          1,
          0,
          0,
          0,
          1,
          0,
          0,
          1,
          0,
          0,
          0,
          0,
          1,
          1,
          1,
          0,
          0,
          1,
          1,
          1,
          0,
          1,
          0,
          1,
          1,
          1,
          1,
          1,
          1,
          1,
          0,
          1,
          0,
          1,
          0,
          0,
          0,
          1,
          1,
          1,
          0,
          0,
          1,
          1,
          0,
          1
        ],
        "elaborate": [
          0,
          1,
          0,
          1,
          1,
          0,
          0,
          1,
          0,
          1,
          0,
          1,
          1,
          1,
          0,
          0,
          0,
          1,
          1,
          1,
          0,
          1,
          1,
          1,
          0,
          1,
          1,
          1,
          1,
          0,
          1,
          1,
          0,
          1,
          0,
          1,
          1,
          0,
          0,
          1,
          1,
          1,
          1,
          0,
          0,
          1,
          0,
          0,
          1,
          1,
          1,
          1,
          0,
          1,
          1,
          0,
          1,
          1,
          0,
          1
        ]
      },
      "typical": {
        "terse": [
          1,
          0,
          1,
          0,
          1,
          1,
          0,
          1,
          0,
          0,
          1,
          0,
          1,
          1,
          0,
          0,
          0,
          0,
          1,
          0,
          0,
          1,
          1,
          0,
          0,
          0,
          1,
          1,
          1,
          0,
          0,
          1,
          0,
          1,
          0,
          1,
          0,
          1,
          1,
          1,
          1,
          1,
          1,
          1,
          0,
          1,
          0,
          1,
          0,
          0,
          0,
          1,
          1,
          1,
          0,
          0,
          1,
          1,
          0,
          1
        ],
        "elaborate": [
          0,
          1,
          0,
          1,
          1,
          1,
          0,
          1,
          0,
          1,
          0,
          0,
          1,
          1,
          1,
          0,
          0,
          0,
          1,
          1,
          0,
          1,
          1,
          1,
          0,
          1,
          1,
          0,
          1,
          0,
          1,
          1,
          0,
          1,
          0,
          1,
          1,
          0,
          0,
          1,
          1,
          1,
          1,
          0,
          0,
          1,
          0,
          0,
          1,
          1,
          1,
          1,
          1,
          1,
          1,
          0,
          1,
          1,
          0,
          1
        ]
      }
    },
    "sensitive": [
      0,
      3,
      4,
      19,
      21,
      22,
      24,
      25,
      27,
      30,
      32,
      36,
      37,
      38,
      41,
      48,
      50,
      53,
      54,
      56,
      59
    ]
  },
  "runtime_sec": 258.5
}