{
  "mean_shift": {
    "available": true,
    "best_layer": 31,
    "score": 7.287909030914307,
    "floor": 1.9728385210037231,
    "clears": true,
    "by_layer": {
      "0": 4.2751,
      "4": 3.2403,
      "8": 3.3036,
      "12": 3.3734,
      "16": 3.8951,
      "20": 5.6361,
      "24": 5.8825,
      "28": 5.4685,
      "31": 7.2879
    }
  },
  "reallocation": {
    "available": true,
    "best_layer": 20,
    "score": 0.8096975684165955,
    "floor": 0.9451464414596558,
    "clears": false,
    "by_layer": {
      "0": 0.7687,
      "4": 0.6743,
      "8": 0.748,
      "12": 0.7833,
      "16": 0.7937,
      "20": 0.8097,
      "24": 0.7211,
      "28": 0.5033,
      "31": 0.7222
    }
  },
  "mmd": {
    "available": true,
    "best_layer": 31,
    "score": 0.12993085384368896,
    "floor": 0.015548110008239746,
    "clears": true,
    "by_layer": {
      "0": 0.0455,
      "4": 0.0312,
      "8": 0.0269,
      "12": 0.0285,
      "16": 0.0359,
      "20": 0.0503,
      "24": 0.073,
      "28": 0.1276,
      "31": 0.1299
    }
  },
  "topology": {
    "available": true,
    "best_layer": 0,
    "score": 3.8834145069122314,
    "floor": 4.189524173736572,
    "clears": false,
    "by_layer": {
      "0": 3.8834,
      "4": 1.1341,
      "8": 1.7694,
      "12": 2.6046,
      "16": 2.7623,
      "20": 1.8838,
      "24": 1.735,
      "28": 1.3929,
      "31": 3.5281
    }
  }
}