{
  "mean_shift": {
    "available": true,
    "best_layer": 31,
    "score": 2.8859283924102783,
    "floor": 1.829422116279602,
    "clears": true,
    "by_layer": {
      "0": 1.5469,
      "4": 2.0497,
      "8": 1.8316,
      "12": 2.1623,
      "16": 2.8205,
      "20": 2.764,
      "24": 2.6607,
      "28": 2.8593,
      "31": 2.8859
    }
  },
  "reallocation": {
    "available": true,
    "best_layer": 0,
    "score": 0.760908305644989,
    "floor": 0.8895208835601807,
    "clears": false,
    "by_layer": {
      "0": 0.7609,
      "4": 0.7037,
      "8": 0.691,
      "12": 0.6198,
      "16": 0.6068,
      "20": 0.6061,
      "24": 0.5929,
      "28": 0.5757,
      "31": 0.627
    }
  },
  "mmd": {
    "available": true,
    "best_layer": 16,
    "score": 0.03701198101043701,
    "floor": 0.016097068786621094,
    "clears": true,
    "by_layer": {
      "0": 0.0151,
      "4": 0.0224,
      "8": 0.0294,
      "12": 0.0317,
      "16": 0.037,
      "20": 0.0323,
      "24": 0.0289,
      "28": 0.0277,
      "31": 0.0308
    }
  },
  "topology": {
    "available": true,
    "best_layer": 4,
    "score": 2.9670231342315674,
    "floor": 3.211479663848877,
    "clears": false,
    "by_layer": {
      "0": 2.0326,
      "4": 2.967,
      "8": 2.387,
      "12": 2.2529,
      "16": 1.969,
      "20": 1.6474,
      "24": 1.3959,
      "28": 1.2283,
      "31": 1.5722
    }
  }
}